{
  "type": "minecraft:chest",
  "pools": [
    {
      "rolls": {
              "min": 1,
              "max": 1
          },
      "entries": [
        {
            "type": "minecraft:item",
            "name": "enchanted_book",
            "functions": [
              {
                "function": "minecraft:set_nbt",
                "tag": "{augment.grappling:1}"
              },
              {
                "function": "minecraft:set_lore",
                "lore": [
                  "§r§7Grappling"
                ],
                "entity": "this"
              }
            ]
        }
      ]
    }
  ]
}
