{"stats":{"minecraft:dropped":{"minecraft:piston":3,"minecraft:birch_planks":2,"minecraft:chest_minecart":1,"minecraft:dark_oak_button":1,"minecraft:command_block":1,"minecraft:grass_block":8,"minecraft:rail":2,"minecraft:birch_slab":1,"minecraft:end_rod":4,"minecraft:magenta_bed":2,"minecraft:sign":23,"minecraft:dirt":5,"minecraft:gray_concrete":2,"minecraft:birch_fence":4,"minecraft:stone_button":3,"minecraft:torch":5,"minecraft:repeater":261,"minecraft:rose_bush":1,"minecraft:oak_stairs":4,"minecraft:white_stained_glass_pane":2,"minecraft:bone_meal":1,"minecraft:purple_wool":3,"minecraft:black_concrete":4,"minecraft:acacia_door":1,"minecraft:tripwire_hook":64,"minecraft:birch_log":2,"minecraft:birch_stairs":1,"minecraft:dandelion":2,"minecraft:redstone_block":64,"minecraft:stone_brick_slab":5,"minecraft:redstone":12,"minecraft:bricks":3,"minecraft:lever":129,"minecraft:ender_chest":2,"minecraft:cobblestone_wall":2,"minecraft:sticky_piston":130,"minecraft:yellow_wool":1,"minecraft:oak_planks":2,"minecraft:stripped_acacia_wood":6,"minecraft:debug_stick":1,"minecraft:nether_bricks":128,"minecraft:glass_pane":2,"minecraft:chiseled_stone_bricks":1,"minecraft:poppy":1,"minecraft:sea_lantern":1,"minecraft:stone":1,"minecraft:trident":1,"minecraft:oak_button":1,"minecraft:birch_trapdoor":1,"minecraft:oak_wood":1,"minecraft:spruce_trapdoor":2,"minecraft:peony":1,"minecraft:spruce_planks":3,"minecraft:birch_door":2,"minecraft:chest":2,"minecraft:redstone_torch":133,"minecraft:stone_bricks":5,"minecraft:spruce_slab":4,"minecraft:birch_button":1,"minecraft:chain_command_block":2,"minecraft:stone_brick_stairs":4,"minecraft:acacia_pressure_plate":1,"minecraft:firework_rocket":64},"minecraft:used":{"minecraft:peony":5,"minecraft:stripped_acacia_wood":28,"minecraft:rose_bush":14,"minecraft:light_gray_stained_glass_pane":2,"minecraft:spruce_slab":45,"minecraft:redstone":251,"minecraft:poppy":4,"minecraft:chest":12,"minecraft:spruce_planks":360,"minecraft:ender_chest":8,"minecraft:stone":3,"minecraft:debug_stick":8,"minecraft:torch":55,"minecraft:dirt":66,"minecraft:brick_slab":43,"minecraft:nether_bricks":2,"minecraft:cobblestone_wall":1,"minecraft:orange_wool":80,"minecraft:oak_wood":229,"minecraft:spruce_fence":8,"minecraft:blue_concrete":24,"minecraft:birch_door":16,"minecraft:stone_brick_slab":305,"minecraft:sea_lantern":17,"minecraft:lava_bucket":32,"minecraft:bricks":64,"minecraft:grass_block":547,"minecraft:oak_stairs":226,"minecraft:slime_block":3,"minecraft:birch_sapling":3,"minecraft:gray_concrete_powder":138,"minecraft:dark_oak_button":4,"minecraft:stone_brick_stairs":313,"minecraft:stone_bricks":766,"minecraft:birch_button":1,"minecraft:birch_trapdoor":6,"minecraft:repeater":71,"minecraft:lime_concrete":21,"minecraft:hay_block":9,"minecraft:yellow_glazed_terracotta":1,"minecraft:furnace":10,"minecraft:white_stained_glass_pane":8,"minecraft:water_bucket":8,"minecraft:end_rod":33,"minecraft:end_stone_bricks":8,"minecraft:spruce_door":3,"minecraft:birch_planks":47,"minecraft:birch_leaves":17,"minecraft:oak_planks":227,"minecraft:redstone_block":15,"minecraft:spruce_fence_gate":10,"minecraft:rail":5,"minecraft:oak_slab":413,"minecraft:crafting_table":1,"minecraft:magenta_bed":7,"minecraft:yellow_concrete":5,"minecraft:note_block":27,"minecraft:gray_concrete":262,"minecraft:birch_fence":31,"minecraft:redstone_torch":34,"minecraft:sticky_piston":41,"minecraft:piston":16,"minecraft:lever":7,"minecraft:flower_pot":1,"minecraft:black_concrete":172,"minecraft:firework_rocket":2,"minecraft:acacia_door":4,"minecraft:command_block":5,"minecraft:birch_slab":88,"minecraft:oak_button":4,"minecraft:stone_button":74,"minecraft:sign":5,"minecraft:spruce_trapdoor":23,"minecraft:iron_door":6,"minecraft:yellow_wool":33,"minecraft:chiseled_stone_bricks":26,"minecraft:acacia_pressure_plate":2,"minecraft:jungle_door":2,"minecraft:chain_command_block":6,"minecraft:birch_log":1,"minecraft:glass_pane":22,"minecraft:chest_minecart":4,"minecraft:sea_pickle":3,"minecraft:dandelion":44,"minecraft:bone_meal":99,"minecraft:purple_wool":119,"minecraft:birch_stairs":178},"minecraft:mined":{"minecraft:magenta_bed":6},"minecraft:custom":{"minecraft:leave_game":6,"minecraft:time_since_death":289392,"minecraft:sprint_one_cm":75204,"minecraft:walk_one_cm":574613,"minecraft:drop":172,"minecraft:sneak_time":12414,"minecraft:jump":843,"minecraft:walk_on_water_one_cm":1768,"minecraft:interact_with_furnace":4,"minecraft:tune_noteblock":194,"minecraft:play_one_minute":289392,"minecraft:pot_flower":1,"minecraft:sleep_in_bed":3,"minecraft:time_since_rest":82641,"minecraft:open_enderchest":4,"minecraft:fly_one_cm":740312,"minecraft:open_chest":9,"minecraft:crouch_one_cm":23531,"minecraft:aviate_one_cm":1008087},"minecraft:picked_up":{"minecraft:birch_door":6,"minecraft:purple_wool":1,"minecraft:redstone_block":64,"minecraft:ender_chest":1,"minecraft:chest_minecart":1,"minecraft:oak_stairs":2,"minecraft:acacia_pressure_plate":1,"minecraft:stone_brick_stairs":2,"minecraft:acacia_door":1,"minecraft:sticky_piston":65,"minecraft:birch_fence":2,"minecraft:glass_pane":1,"minecraft:spruce_planks":2,"minecraft:redstone_torch":70,"minecraft:poppy":3,"minecraft:spruce_slab":2,"minecraft:chest":1,"minecraft:birch_sapling":8,"minecraft:piston":2,"minecraft:spruce_trapdoor":1,"minecraft:birch_trapdoor":1,"minecraft:torch":6,"minecraft:stone_button":3,"minecraft:trident":1,"minecraft:redstone":42,"minecraft:nether_bricks":64,"minecraft:end_rod":2,"minecraft:rail":3,"minecraft:birch_log":1,"minecraft:dark_oak_button":1,"minecraft:repeater":132,"minecraft:tripwire_hook":64,"minecraft:birch_slab":1,"minecraft:birch_planks":1,"minecraft:magenta_bed":1,"minecraft:cobblestone_wall":1,"minecraft:dirt":1,"minecraft:gray_concrete_powder":1,"minecraft:sign":22,"minecraft:stone_bricks":1,"minecraft:oak_planks":1,"minecraft:debug_stick":1,"minecraft:white_stained_glass_pane":1,"minecraft:chiseled_stone_bricks":1,"minecraft:stripped_acacia_wood":4,"minecraft:stone_brick_slab":2,"minecraft:dandelion":2,"minecraft:birch_stairs":1,"minecraft:grass_block":4,"minecraft:oak_wood":1,"minecraft:black_concrete":1,"minecraft:lever":66,"minecraft:bricks":1}},"DataVersion":1631}