{"stats":{"minecraft:used":{"minecraft:lever":2,"minecraft:redstone_torch":10,"minecraft:sticky_piston":2,"minecraft:iron_bars":15,"minecraft:oak_fence":21,"minecraft:stone_brick_slab":11,"minecraft:red_shulker_box":1,"minecraft:water_bucket":2,"minecraft:black_concrete":2,"minecraft:lava_bucket":1,"minecraft:iron_ore":1,"minecraft:flint_and_steel":1,"minecraft:command_block":1,"minecraft:birch_slab":1,"minecraft:grass_block":18,"minecraft:redstone":45,"minecraft:oak_planks":4,"minecraft:stone_button":2,"minecraft:detector_rail":3,"minecraft:spruce_planks":31,"minecraft:chest":2,"minecraft:ender_chest":1,"minecraft:stone":1,"minecraft:purple_shulker_box":1,"minecraft:stone_brick_stairs":2,"minecraft:yellow_wool":3,"minecraft:stone_bricks":13,"minecraft:cracked_stone_bricks":4,"minecraft:torch":3,"minecraft:repeater":13,"minecraft:anvil":1,"minecraft:dirt":2,"minecraft:rail":2,"minecraft:comparator":5,"minecraft:oak_slab":11,"minecraft:yellow_concrete":4,"minecraft:glass_pane":2,"minecraft:chest_minecart":5,"minecraft:purple_wool":3},"minecraft:custom":{"minecraft:time_since_rest":43284,"minecraft:interact_with_furnace":1,"minecraft:open_enderchest":1,"minecraft:sprint_one_cm":23308,"minecraft:walk_one_cm":107090,"minecraft:drop":8,"minecraft:damage_dealt":18,"minecraft:swim_one_cm":215,"minecraft:fly_one_cm":188025,"minecraft:open_chest":14,"minecraft:play_one_minute":43284,"minecraft:crouch_one_cm":3739,"minecraft:open_shulker_box":1,"minecraft:sneak_time":1859,"minecraft:walk_under_water_one_cm":747,"minecraft:aviate_one_cm":8441,"minecraft:jump":191,"minecraft:time_since_death":43284,"minecraft:leave_game":8,"minecraft:walk_on_water_one_cm":2621},"minecraft:picked_up":{"minecraft:ender_chest":1,"minecraft:tripwire_hook":1,"minecraft:trident":1,"minecraft:elytra":1,"minecraft:firework_rocket":64,"minecraft:red_shulker_box":1,"minecraft:spruce_planks":2},"minecraft:dropped":{"minecraft:anvil":1,"minecraft:trident":1,"minecraft:ender_chest":1,"minecraft:iron_ore":1,"minecraft:command_block":1,"minecraft:tripwire_hook":1,"minecraft:elytra":1,"minecraft:firework_rocket":64}},"DataVersion":1963}