{
	"parent": "item/handheld",
	"textures": {
		"layer0": "item/carrot_on_a_stick"
	},
	"overrides": [
		{
			"predicate": {
				"custom_model_data": 102001
			},
			"model": "item/machinegun"
		},
		{
			"predicate": {
				"custom_model_data": 102002
			},
			"model": "item/repulsor"
		},
		{
			"predicate": {
				"custom_model_data": 102003
			},
			"model": "item/missile"
		},
		{
			"predicate": {
				"custom_model_data": 102004
			},
			"model": "item/laser"
		},
		{
			"predicate": {
				"custom_model_data": 102008
			},
			"model": "item/helmet"
		}
	]
}