{
	"credit": "Made with Blockbench",
	"textures": {
		"0": "custom/laser",
		"1": "custom/laser_icon",
		"missing": "custom/transparent",
		"particle": "custom/laser"
	},
	"elements": [
		{
			"from": [3.5, 0.01, 0],
			"to": [3.875, 1.01, 3.5],
			"rotation": {"angle": 0, "axis": "y", "origin": [2, 0.7, 2.425]},
			"faces": {
				"north": {"uv": [0, 0, 0.375, 1], "texture": "#0"},
				"east": {"uv": [0.5, 6, 4, 7], "texture": "#0"},
				"south": {"uv": [0, 0, 0.375, 1], "texture": "#0"},
				"west": {"uv": [0, 0, 3.5, 1], "texture": "#0"},
				"up": {"uv": [0, 0, 0.375, 3.5], "rotation": 180, "texture": "#0"}
			}
		},
		{
			"from": [0.125, 0.01, 0],
			"to": [0.5, 1.01, 3.5],
			"rotation": {"angle": 0, "axis": "y", "origin": [2, 0.7, 2.425]},
			"faces": {
				"north": {"uv": [0, 0, 0.375, 1], "texture": "#0"},
				"east": {"uv": [0, 0, 3.5, 1], "texture": "#0"},
				"south": {"uv": [0, 0, 0.375, 1], "texture": "#0"},
				"west": {"uv": [0, 6, 3.5, 7], "texture": "#0"},
				"up": {"uv": [0, 0, 0.375, 3.5], "rotation": 180, "texture": "#0"}
			}
		},
		{
			"from": [1.75, 0.01, 0],
			"to": [2.25, 1.01, 3.5],
			"rotation": {"angle": 0, "axis": "y", "origin": [2, 0.7, 2.425]},
			"faces": {
				"north": {"uv": [0, 0, 0.5, 1], "texture": "#0"},
				"east": {"uv": [0, 0, 3.5, 1], "texture": "#0"},
				"south": {"uv": [0, 0, 0.5, 1], "texture": "#0"},
				"west": {"uv": [0, 0, 3.5, 1], "texture": "#0"},
				"up": {"uv": [0, 0, 0.5, 3.5], "rotation": 180, "texture": "#0"}
			}
		},
		{
			"from": [0, 1.01, 0],
			"to": [4, 1.51, 4],
			"rotation": {"angle": 0, "axis": "y", "origin": [2, 0.7, 2.425]},
			"faces": {
				"north": {"uv": [0, 0, 4, 0.5], "texture": "#0"},
				"east": {"uv": [0, 0, 4, 0.5], "texture": "#0"},
				"south": {"uv": [0, 0, 4, 0.5], "texture": "#0"},
				"west": {"uv": [0, 0, 4, 0.5], "texture": "#0"},
				"up": {"uv": [0, 5, 4, 9], "rotation": 180, "texture": "#0"}
			}
		},
		{
			"from": [0.125, 0.01, 3.5],
			"to": [3.875, 1.01, 4],
			"rotation": {"angle": 0, "axis": "y", "origin": [2, 0.7, 5.925]},
			"faces": {
				"north": {"uv": [2, 2, 5, 3], "texture": "#0"},
				"east": {"uv": [0, 6, 0.5, 7], "texture": "#0"},
				"south": {"uv": [0.125, 6, 3.875, 7], "texture": "#0"},
				"west": {"uv": [0, 6, 0.5, 7], "texture": "#0"},
				"up": {"uv": [0, 0, 3.75, 0.5], "rotation": 180, "texture": "#0"}
			}
		},
		{
			"from": [0, 0, 0],
			"to": [4, 0.01, 4],
			"faces": {
				"north": {"uv": [0, 0, 4, 0], "texture": "#missing"},
				"east": {"uv": [0, 0, 4, 0], "texture": "#missing"},
				"south": {"uv": [0, 0, 4, 0], "texture": "#missing"},
				"west": {"uv": [0, 0, 4, 0], "texture": "#missing"},
				"up": {"uv": [0, 1, 2, 2.999], "texture": "#0"},
				"down": {"uv": [0, 0, 16, 16], "texture": "#1"}
			}
		},
		{
			"from": [0, 1, 0],
			"to": [4, 1, 4],
			"rotation": {"angle": 0, "axis": "y", "origin": [8, 9, 8]},
			"faces": {
				"north": {"uv": [0, 0, 4, 0], "texture": "#missing"},
				"east": {"uv": [0, 0, 4, 0], "texture": "#missing"},
				"south": {"uv": [0, 0, 4, 0], "texture": "#missing"},
				"west": {"uv": [0, 0, 4, 0], "texture": "#missing"},
				"up": {"uv": [0, 1, 2, 2.999], "texture": "#0"}
			}
		}
	],
	"gui_light": "front",
	"display": {
		"thirdperson_righthand": {
			"translation": [6, 8, 8]
		},
		"thirdperson_lefthand": {
			"translation": [-6, 8, 8]
		},
		"firstperson_righthand": {
			"rotation": [-32, 0, 0],
			"translation": [9.5, 9, 0]
		},
		"firstperson_lefthand": {
			"rotation": [-32, 0, 0],
			"translation": [-2.5, 9, 0]
		},
		"gui": {
			"rotation": [-90, 0, 0],
			"translation": [24, 24, 0],
			"scale": [4, 4, 4]
		}
	}
}