{
	"credit": "Made with Blockbench",
	"textures": {
		"0": "custom/machinegun",
		"particle": "custom/machinegun"
	},
	"gui_light": "front",
	"elements": [
		{
			"from": [8, 0, 11],
			"to": [9, 4, 13],
			"rotation": {"angle": 0, "axis": "y", "origin": [8.5, 3.77718, 5.96811]},
			"faces": {
				"north": {"uv": [11, 2, 12, 6], "texture": "#0"},
				"east": {"uv": [11, 2, 13, 6], "texture": "#0"},
				"south": {"uv": [11, 2, 12, 6], "texture": "#0"},
				"west": {"uv": [11, 2, 13, 6], "texture": "#0"},
				"up": {"uv": [0, 1, 1, 3], "texture": "#0"},
				"down": {"uv": [0, 1, 1, 3], "texture": "#0"}
			}
		},
		{
			"from": [7.75, 3, 6],
			"to": [9.25, 5.25, 11],
			"rotation": {"angle": 0, "axis": "y", "origin": [8.5, 3.77718, 7.96811]},
			"faces": {
				"north": {"uv": [5, 1, 0, 3], "texture": "#0"},
				"east": {"uv": [5, 1, 0, 3], "texture": "#0"},
				"south": {"uv": [5, 1, 0, 3], "texture": "#0"},
				"west": {"uv": [5, 1, 0, 3], "texture": "#0"},
				"up": {"uv": [11, 6, 12.5, 2], "texture": "#0"},
				"down": {"uv": [11, 6, 12.5, 2], "texture": "#0"}
			}
		},
		{
			"from": [8, 5, 7],
			"to": [9, 6, 12],
			"rotation": {"angle": 0, "axis": "y", "origin": [8.5, 3.77718, 7.96811]},
			"faces": {
				"north": {"uv": [1, 0, 0, 1], "texture": "#0"},
				"east": {"uv": [10, 1, 5, 2], "texture": "#0"},
				"south": {"uv": [1, 0, 0, 1], "texture": "#0"},
				"west": {"uv": [10, 1, 5, 2], "texture": "#0"},
				"up": {"uv": [14, 7, 15, 2], "texture": "#0"},
				"down": {"uv": [14, 7, 15, 2], "texture": "#0"}
			}
		},
		{
			"from": [8, 0.49211, 8.41021],
			"to": [9, 4.49211, 10.41021],
			"rotation": {"angle": 22.5, "axis": "x", "origin": [8.5, 3.77718, 7.96811]},
			"faces": {
				"north": {"uv": [8, 2, 7, 6], "texture": "#0"},
				"east": {"uv": [9, 2, 7, 6], "texture": "#0"},
				"south": {"uv": [8, 2, 7, 6], "texture": "#0"},
				"west": {"uv": [9, 2, 7, 6], "texture": "#0"},
				"up": {"uv": [0, 3, 1, 1], "texture": "#0"},
				"down": {"uv": [0, 3, 1, 1], "texture": "#0"}
			}
		},
		{
			"from": [8.25, 4.25, -4],
			"to": [8.75, 4.75, 1],
			"rotation": {"angle": 0, "axis": "y", "origin": [8.5, 3.77718, 7.96811]},
			"faces": {
				"north": {"uv": [5.5, 1, 5, 1.5], "texture": "#0"},
				"east": {"uv": [5, 0, 0, 0.5], "texture": "#0"},
				"south": {"uv": [0.5, 0, 0, 0.5], "texture": "#0"},
				"west": {"uv": [5, 0, 0, 0.5], "texture": "#0"},
				"up": {"uv": [0, 0, 3.5, 1], "texture": "#0"},
				"down": {"uv": [0, 0, 3.5, 1], "texture": "#0"}
			}
		},
		{
			"from": [8, 4, 1],
			"to": [9, 5, 16],
			"rotation": {"angle": 0, "axis": "y", "origin": [8.5, 3.77718, 7.96811]},
			"faces": {
				"north": {"uv": [1, 0, 0, 1], "texture": "#0"},
				"east": {"uv": [16, 0, 5, 1], "texture": "#0"},
				"south": {"uv": [1, 1, 0, 2], "texture": "#0"},
				"west": {"uv": [16, 1, 5, 2], "texture": "#0"},
				"up": {"uv": [16, 2, 15, 13], "texture": "#0"},
				"down": {"uv": [15, 2, 14, 13], "texture": "#0"}
			}
		}
	],
	"display": {
		"thirdperson_righthand": {
			"rotation": [60, 0, 0],
			"translation": [0, 6, 16]
		},
		"thirdperson_lefthand": {
			"rotation": [60, 0, 0],
			"translation": [1, 6, 16]
		},
		"firstperson_righthand": {
			"translation": [0, 15, 2.75]
		},
		"firstperson_lefthand": {
			"translation": [0, 15, 2.75]
		},
		"gui": {
			"rotation": [46, -45, 25.5],
			"translation": [-2, 2, 0],
			"scale": [0.9, 0.9, 0.9]
		}
	},
	"groups": [0, 1, 2, 3,
		{
			"name": "barrel",
			"origin": [8, 8, 8],
			"children": [4, 5]
		},
		{
			"name": "group",
			"origin": [8, 8, 8],
			"children": []
		}
	]
}