{
	"credit": "Made with Blockbench",
	"textures": {
		"0": "custom/repulsor",
		"1": "custom/repulsor_icon",
		"particle": "custom/repulsor"
	},
	"elements": [
		{
			"from": [0, 0, 0],
			"to": [6, 2, 6],
			"rotation": {"angle": 0, "axis": "y", "origin": [3, 1, 3]},
			"faces": {
				"north": {"uv": [0, 5, 6, 7], "texture": "#0"},
				"east": {"uv": [0, 5, 6, 7], "texture": "#0"},
				"south": {"uv": [0, 5, 6, 7], "texture": "#0"},
				"west": {"uv": [0, 5, 6, 7], "texture": "#0"},
				"up": {"uv": [0, 0, 6, 6], "texture": "#0"}
			}
		},
		{
			"from": [1, 0.01, 1],
			"to": [5, 0.01, 5],
			"faces": {
				"north": {"uv": [0, 0, 0, 0], "texture": "#0"},
				"east": {"uv": [0, 0, 0, 0], "texture": "#0"},
				"south": {"uv": [0, 0, 0, 0], "texture": "#0"},
				"west": {"uv": [0, 0, 0, 0], "texture": "#0"},
				"down": {"uv": [0, 0, 16, 16], "texture": "#1"}
			}
		},
		{
			"from": [0, 0, 0],
			"to": [6, 0, 6],
			"faces": {
				"north": {"uv": [0, 0, 0, 0], "texture": "#0"},
				"east": {"uv": [0, 0, 0, 0], "texture": "#0"},
				"south": {"uv": [0, 0, 0, 0], "texture": "#0"},
				"west": {"uv": [0, 0, 0, 0], "texture": "#0"},
				"up": {"uv": [0, 0, 6, 6], "texture": "#0"}
			}
		}
	],
	"gui_light": "front",
	"display": {
		"thirdperson_righthand": {
			"rotation": [-90, 0, 0],
			"translation": [5, 3, -6.5]
		},
		"thirdperson_lefthand": {
			"rotation": [-90, 0, 0],
			"translation": [-5, 3.25, -6.5]
		},
		"firstperson_righthand": {
			"rotation": [-70, 0, 0],
			"translation": [7.5, 3.5, -7.75]
		},
		"firstperson_lefthand": {
			"rotation": [-70, 0, 0],
			"translation": [-2, 3.5, -7.75]
		},
		"gui": {
			"rotation": [-90, 0, 0],
			"translation": [20, 20, 0],
			"scale": [4, 1, 4]
		}
	}
}