{
    "parent": "item/generated",
    "textures": {
        "layer0": "item/crossbow_standby"
    },
	"display": {
        "thirdperson_righthand": {
            "rotation": [ -90, 0, -60 ],
            "translation": [ 2, 0.1, -3 ],
            "scale": [ 0.9, 0.9, 0.9 ]
        },
        "thirdperson_lefthand": {
            "rotation": [ -90, 0, 30 ],
            "translation": [ 2, 0.1, -3 ],
            "scale": [ 0.9, 0.9, 0.9 ]
        },
        "firstperson_righthand": {
            "rotation": [ -90, 0, -55 ],
            "translation": [ 1.13, 3.2, 1.13],
            "scale": [ 0.68, 0.68, 0.68 ]
        },
        "firstperson_lefthand": {
            "rotation": [ -90, 0, 35 ],
            "translation": [ 1.13, 3.2, 1.13],
            "scale": [ 0.68, 0.68, 0.68 ]
        }
    },
    "overrides": [
		{"predicate": {"pulling": 1},"model": "item/crossbow_pulling_0"},
        {"predicate": {"pulling": 1,"pull": 0.65},"model": "item/crossbow_pulling_1"},
        {"predicate": {"pulling": 1,"pull": 0.9},"model": "item/crossbow_pulling_2"},
        {"predicate": {"charged": 1},"model": "item/crossbow_arrow"},
        {"predicate": {"charged": 1,"firework":1},"model": "item/crossbow_firework"},
		{"predicate": {"custom_model_data": 101000}, "model": "item/grappling_gun"},
		{"predicate": {"pulling": 1, "custom_model_data":101000, "pull":0.1},"model": "item/grappling_gun_pull_0"},
        {"predicate": {"pulling": 1, "custom_model_data":101000, "pull": 0.4},"model": "item/grappling_gun_pull_1"},
        {"predicate": {"pulling": 1, "custom_model_data":101000, "pull": 0.7},"model": "item/grappling_gun_pull_2"},
        {"predicate": {"charged": 1, "custom_model_data":101000},"model": "item/grappling_gun_pull_3"}
    ]
}