{
	"type":"minecraft:entity",
    "pools": [
		{
            "rolls": 1,
            "entries": [
                {
                    "type": "minecraft:item",
                    "name": "minecraft:emerald",
					"weight": 1,
					"functions": [
                        {
                            "function": "set_count",
                            "count": {
                                "min": 1,
                                "max": 2
                            }
                        },
                        {
                            "function": "looting_enchant",
                            "count": {
                                "min": 1,
                                "max": 2
                            }
                        }
                    ],
                    "conditions": [
                        {
                            "condition": "random_chance_with_looting",
                            "chance": 0.85,
                            "looting_multiplier": 0.35
                        }
                    ]
                }
            ]
        }
	]
}